id,name,short_url,price,discount,discount_rate,rating_average,review_count,brand_id,brand_name,short_description
273559306,Máy tính bảng Kindle Fire Max 11 inch - 13th - 2023 - Ram 4Gb - Hàng chính hãng,https://tiki.vn/product-p273559306.html?spid=273559316,5150000,440000,8,0.0,0,147856,Kindle,"Kindle Fire Max 11 – Tinh hoa hội tụKindle Fire Max 11 – Một thế hệ máy tính mới của Amazon vừa ra mắt vào tháng 6 năm 2023. Với màn hình lớn nhất và cấu hình mạnh nhất từ ​​trước đến nay, đây là một..."
273559020,Máy tính bảng Kindle Fire HD10 2023 13th - 32Gb - Hàng chính hãng,https://tiki.vn/product-p273559020.html?spid=273559022,3230000,360000,10,0.0,0,147856,Kindle,Máy tính bảng Kindle Fire 13th – Cho Từng Trải Nghiệm Hoàn HảoMáy tính bảng Kindle Fire HD 13th là bản nâng cấp nhẹ của phiên bản năm Kindle Fire 2021 (thế hệ 11) với khá nhiều điểm nổi trội.Thiết k...
183330021,"Apple iPad 10.2-inch (9th Gen) Wi-Fi, 2021",https://tiki.vn/product-p183330021.html?spid=124939769,6990000,4000000,36,5.0,993,17827,Apple,"Nội dung quảng cáoMạnh mẽ. Dễ sử dụng. Linh hoạt. iPad có màn hình Retina 10.2 inch tuyệt đẹp, chip A13 Bionic mạnh mẽ, camera trước Ultra Wide có tính năng Trung Tâm Màn Hình, tương thích với Apple ..."
184253251,"Apple iPad Air (5th Gen) Wi-Fi, 2022 ",https://tiki.vn/product-p184253251.html?spid=168721266,13990000,5000000,26,5.0,248,17827,Apple,"iPad Air. Với màn hình Liquid Retina 10.9 inch sống động.1 Chip Apple M1 đột phá cho hiệu năng nhanh hơn, giúp iPad Air trở nên siêu mạnh mẽ để sáng tạo và chơi game di động. Sở hữu Touch ID, camera t..."
205815576,"Apple iPad 10.9-inch (10th Gen) Wi-Fi, 2022",https://tiki.vn/product-p205815576.html?spid=205815578,9490000,1500000,14,5.0,77,17827,Apple,"Nội dung quảng cáoĐược thiết kế lại đầy màu sắc và giàu năng lực hơn bao giờ hết. Với chip A14 Bionic mạnh mẽ, các nhà giáo dục có thể giúp học sinh làm mọi việc từ phác thảo ý tưởng đến học lập trìn..."
275042829,Apple iPad Pro M4 11-Inch Wi-Fi,https://tiki.vn/product-p275042829.html?spid=275042972,28490000,500000,2,0.0,0,17827,Apple,"Nội dung quảng cáoiPad Pro mới mỏng xuất chúng, sở hữu hiệu năng vượt trội với chip Apple M4, màn hình Ultra Retina XDR đột phá cùng Wi-Fi 6E1 và 5G siêu nhanh.2 Khi kết hợp cùng Apple Pencil Pro và ..."
275093801,Apple iPad Air 6 M2 11-Inch Wi-Fi+ Cellular,https://tiki.vn/product-p275093801.html?spid=275100867,22990000,500000,2,0.0,0,17827,Apple,"Nội dung quảng cáoiPad Air 11 inch được thiết kế mới, siêu mạnh mẽ với chip Apple M2 nhanh không ngờ.1 Thiết bị sở hữu màn hình Liquid Retina tuyệt đẹp, camera trên cạnh ngang mới hoàn hảo cho các cu..."
275093810,Apple iPad Air 6 M2 11-Inch Wi-Fi,https://tiki.vn/product-p275093810.html?spid=275242993,16490000,500000,3,0.0,0,17827,Apple,"Nội dung quảng cáoiPad Air 11 inch được thiết kế mới, siêu mạnh mẽ với chip Apple M2 nhanh không ngờ.1 Thiết bị sở hữu màn hình Liquid Retina tuyệt đẹp, camera trên cạnh ngang mới hoàn hảo cho các cu..."
275042833,Apple iPad Pro M4 11-Inch Wi-Fi+ Cellular,https://tiki.vn/product-p275042833.html?spid=275042966,33990000,500000,1,0.0,0,17827,Apple,"Nội dung quảng cáoiPad Pro mới mỏng xuất chúng, sở hữu hiệu năng vượt trội với chip Apple M4, màn hình Ultra Retina XDR đột phá cùng Wi-Fi 6E1 và 5G siêu nhanh.2 Khi kết hợp cùng Apple Pencil Pro và ..."
275093800,Apple iPad Air 6 M2 13-Inch Wi-Fi,https://tiki.vn/product-p275093800.html?spid=275100835,23990000,1000000,4,0.0,0,17827,Apple,"Nội dung quảng cáoNay đã có phiên bản 13 inch,1 iPad Air siêu mạnh mẽ với chip Apple M2 nhanh khó tin. Thiết bị sở hữu màn hình Liquid Retina tuyệt đẹp, camera trên cạnh ngang mới hoàn hảo cho các cu..."
275043046,Apple iPad Pro M4 13-Inch Wi-Fi,https://tiki.vn/product-p275043046.html?spid=275043140,36990000,1000000,3,0.0,0,17827,Apple,"Nội dung quảng cáoiPad Pro mới mỏng xuất chúng, sở hữu hiệu năng vượt trội với chip Apple M4, màn hình Ultra Retina XDR đột phá cùng Wi-Fi 6E1 và 5G siêu nhanh.2 Khi kết hợp cùng Apple Pencil Pro và ..."
275093806,Apple iPad Air 6 M2 13-Inch Wi-Fi+ Cellular,https://tiki.vn/product-p275093806.html?spid=275242981,25990000,500000,2,0.0,0,17827,Apple,"Nội dung quảng cáoNay đã có phiên bản 13 inch,1 iPad Air siêu mạnh mẽ với chip Apple M2 nhanh khó tin. Thiết bị sở hữu màn hình Liquid Retina tuyệt đẹp, camera trên cạnh ngang mới hoàn hảo cho các cu..."
274839974,Máy tính bảng Samsung Galaxy Tab S9 FE 6GB/128GB - Hàng chính hãng,https://tiki.vn/product-p274839974.html?spid=274839983,8985200,1005000,10,5.0,1,18802,Samsung," THỐNG SỐ KỸ THUẬTBộ vi xử lýTốc độ CPU: 2.4GHz, 2GHzLoại CPU: 8 nhânHiển Thị: Kích cỡ (Màn hình chính): 10.9"""" (277.0mm)Độ phân giải (Màn hình chính): 2304 x 1440 (WUXGA+)Công nghệ màn..."
162866839,Máy tính bảng VNPT Technology VNT Tab8 Plus 8 Inch Android 11 RAM 4GB - Hàng chính hãng,https://tiki.vn/product-p162866839.html?spid=162866840,3146000,0,0,4.7,6,171169,VNPT Technology,"VNT Tab8 Plus là thiết bị máy tính bảng của VNPT TechnologySản phẩm được cung cấp dành cho chương trình “Sóng và máy tính cho em” được xây dựng và triển khai với mục đích hỗ trợ các em học sinh,đặc b..."
173557858,Máy tính bảng Kindle File HD 8 (10th generation - 2020) Hàng nhập khẩu,https://tiki.vn/product-p173557858.html?spid=173557860,2500000,0,0,4.2,10,147856,Kindle,"Đánh giá máy tính bảng giá rẻ Amazon Fire HD 8 2020: Đã tốt nay còn tốt hơn!Amazon Fire HD 8 2020 với bộ xử lý nhanh hơn, dung lượng RAM mở rộng cùng cổng sạc USB-C sẽ là chiếc máy tính bảng giá rẻ cự..."
103168071,Máy tính bảng Samsung Galaxy Tab A7 Lite LTE SM-T225 - Hàng Chính Hãng,https://tiki.vn/product-p103168071.html?spid=196285771,3587000,0,0,5.0,1,18802,Samsung,"Chính hãng, Nguyên seal, Mới 100%Đã kích hoạt bảo hành điện tử 6060, nguyên seal chưa khuiMiễn phí giao hàng toàn quốcSIM Nano-SIM, hỗ trợ 4GLoại Màn hình cảm ứng IPS LCDKích thước: 8.7 incheĐộ phân g..."
103168844,Máy tính bảng Samsung Galaxy Tab A7 Lite LTE SM-T225) - ĐÃ KÍCH HOẠT ĐIỆN TỬ - Hàng Chính Hãng,https://tiki.vn/product-p103168844.html?spid=216714866,3587000,0,0,4.0,1,18802,Samsung,"Chính hãng, Nguyên seal, Mới 100%Đã kích hoạt bảo hành điện tử 6060, nguyên seal chưa khuiMiễn phí giao hàng toàn quốcSIM Nano-SIM, hỗ trợ 4GLoại Màn hình cảm ứng IPS LCDKích thước: 8.7 incheĐộ phân g..."
273684137,Máy tính bảng quản lý thời gian sử dụng dành cho trẻ em Tab8 Kidzone-1 đổi 1 trong vòng 100 ngày,https://tiki.vn/product-p273684137.html?spid=271521000,1990000,0,0,4.5,4,112638,Masstel,"Tablet Giáo dục Masstel Kidzone - Hàng chính hãng - Tặng gói học NEXTA TIỂU HỌC + ICANKID + KHAN KIDSGiới hạn thời gian sử dụng, đảm bảo trẻ không bị nghiện máy tính bảngKidZone được tích..."
160450655,Máy Tính Bảng Masstel Tab 10A 3GB/32GB - Hàng Chính Hãng,https://tiki.vn/product-p160450655.html?spid=160450659,2939000,851000,22,4.5,2,112638,Masstel,"Máy Tính Bảng Masstel Tab 10A 3GB/32GB - Hàng Chính HãngBộ sản phẩm bao gồm: Máy kèm pin, sạc, cáp USB TypeC, thẻ bảo hành, bao da, sách hướng dẫn, vỏ hộp.Màn hình sắc nét, giải trí đỉnh cao- Máy s..."
271364652,Máy tính bảng Xiaomi Pad 6 (8GB/128GB) -  Hàng chính hãng - Đã kích hoạt bảo hành điện tử,https://tiki.vn/product-p271364652.html?spid=271364654,9490000,0,0,5.0,4,25422,Xiaomi,"Với phiên bản thế hệ thứ 6, Xiaomi Pad là lựa chọn tuyệt vời cho nhu cầu xử lý công việc cho cả dân văn phòng hay thậm chí là dân thiết kế đồ họa. Nhờ màn hình hiển thị đáng kinh ngạc, hiệu suất mạnh ..."
273232944,Máy tính bảng Masstel Tab 10.4 - Hàng chính hãng,https://tiki.vn/product-p273232944.html?spid=273232945,3990000,1000000,20,5.0,1,112638,Masstel,"Thiết kế hiện đại với kiểu dáng sang trọngMasstel Tab 10.4 sở hữu thiết kế phẳng, tối giản dù có mức giá rẻ nhưng được chế tác từ kim loại một cách cứng cáp, sang trọng và tinh tế với độ bền cao.Mặ..."
72310352,Máy tính bảng Vankyo MatrixPad Z10 - Hàng Chính Hãng,https://tiki.vn/product-p72310352.html?spid=72310353,2990000,0,0,4.6,8,3979027,Vankyo,"Máy tính bảng Vankyo Z10 Trải nghiệm đọc thoải máiVới chế độ Reading Mode (chế độ đọc sách) và tính năng Eye Health, máy tính bảng Vankyo MatrixPad Z10 mang lại trải nghiệm đọc dễ chịu, máy..."
164697930,Máy tính bảng Samsung Galaxy Tab A8  (2022) - Hàng chính hãng - ĐÃ KÍCH HOẠT BẢO HÀNH ĐIỆN TỬ,https://tiki.vn/product-p164697930.html?spid=216715708,5856000,0,0,0.0,0,18802,Samsung,"Samsung Galaxy Tab A8 2022 đem đến giải pháp học tập, làm việc và giải trí hiệu quả trên màn hình rộng rãi 10.5 inch. Sản phẩm khoác lên thiết kế thanh lịch tối giản, sở hữu hệ thống âm thanh Dolby At..."
274164375,Máy Tính Bảng Samsung Galaxy Tab A9 Plus WIFI 4GB-64GB - Hàng chính hãng,https://tiki.vn/product-p274164375.html?spid=274164377,4144000,1846000,31,5.0,1,18802,Samsung,"Samsung Galaxy Tab A9+ WiFi đã chính thức có mặt trên thị trường Việt Nam từ tháng 10/2023, và nhanh chóng trở thành tâm điểm của sự quan tâm. Với sự kết hợp độc đáo của thiết kế thời trang, màn hình ..."
274868043,Máy tính bảng Samsung Galaxy Tab A9+ Wi-Fi 4GB/64GB - Hàng chính hãng,https://tiki.vn/product-p274868043.html?spid=274868075,5989500,0,0,0.0,0,18802,Samsung,"      THÔNG SỐ KỸ THUẬTBộ vi xử lý: 2.2GHz, 1.8GHzHiển Thị: 11.0"""" (278.2mm)Camera chính - Độ phân giải: 8.0 MPTrọng lượng (g): 480 Bộ vi xử lýTốc độ CPU: 2.2GHz, 1.8GHzLoại CPU: ..."
274866839,Máy tính bảng Samsung Galaxy Tab A9 (Wi-Fi) 4GB/64GB - Hàng chính hãng,https://tiki.vn/product-p274866839.html?spid=274866846,3989700,0,0,0.0,0,18802,Samsung,"  THÔNG SỐ KỸ THUẬTBộ vi xử lý: 2.2GHz, 2GHzHiển Thị: 8.7"""" (220.5mm)Camera chính - Độ phân giải: 8.0 MPTrọng lượng (g): 332 Bộ vi xử lýTốc độ CPU: 2.2GHz, 2GHzLoại CPU: 8 nhân Hiển Thị..."
274840100,Máy tính bảng Samsung Galaxy Tab S9 FE+ (WiFi) 12GB/256G - Hàng chính hãng,https://tiki.vn/product-p274840100.html?spid=274840116,15990000,0,0,0.0,0,18802,Samsung,"   ""Bộ vi xử lýTốc độ CPU: 2.4GHz, 2GHzLoại CPU: 8 nhânHiển ThịKích cỡ (Màn hình chính): 12.4"""" (315.0mm)Độ phân giải (Màn hình chính): 2560 x 1600 (WQXGA)Công nghệ màn hình (màn..."
274626173,Máy tính bảng Samsung Galaxy Tab S9+ 12GB_512GB - Hàng chính hãng,https://tiki.vn/product-p274626173.html?spid=274626230,30990000,0,0,0.0,0,18802,Samsung,"  ĐẶC ĐIỂM NỔI BẬT-MÀN HÌNH DYNAMIC AMOLED 2X CỦA SAMSUNGMàn hình Dynamic AMOLED 2X mang lại màu sắc và hình ảnh tuyệt đẹp. Thêm vào đó, mức phát xạ ánh sáng xanh thấp giúp giảm tải cho..."
274868116,Máy tính bảng Samsung Galaxy Tab A9+ 5G 8GB/128GB - Hàng chính hãng,https://tiki.vn/product-p274868116.html?spid=274868255,8490000,0,0,0.0,0,18802,Samsung,"THÔNG SỐ KỸ THUẬTBộ vi xử lý: 2.2GHz, 1.8GHzHiển Thị: 11.0"""" (278.2mm)Camera chính - Độ phân giải: 8.0 MPTrọng lượng (g): 491 Bộ vi xử lýTốc độ CPU: 2.2GHz, 1.8GHzLoại CPU: 8 nhân Hiể..."
274840089,Máy tính bảng Samsung Galaxy Tab S9 Wifi 8GB_128GB - Hàng chính hãng,https://tiki.vn/product-p274840089.html?spid=274840094,16985300,3004700,15,0.0,0,18802,Samsung," Máy Tính Bảng Samsung Galaxy Tab S8 5G sở hữu thiết kế mới đột phá có độ mỏng vô cùng ấn tượng, cấu hình mạnh mẽ, dung lượng pin khủng cùng với những tính năng tân tiến nhất hiện nay. Đây ..."
274840120,Máy tính bảng Samsung Galaxy Tab S9 FE+ (WiFi) 8GB/128G - Hàng chính hãng,https://tiki.vn/product-p274840120.html?spid=274840136,13989800,0,0,0.0,0,18802,Samsung,"  THÔNG SỐ KỸ THUẬTBộ vi xử lýTốc độ CPU: 2.4GHz, 2GHzLoại CPU: 8 nhânHiển ThịKích cỡ (Màn hình chính):12.4"""" (315.0mm)Độ phân giải (Màn hình chính):2560 x 1600 (WQXGA)Công nghệ..."
274839939,Máy tính bảng Samsung Galaxy Tab S9 FE 5G 8GB/256GB - Hàng chính hãng,https://tiki.vn/product-p274839939.html?spid=274839969,12985000,1005000,7,0.0,0,18802,Samsung," THỐNG SỐ KỸ THUẬTBộ vi xử lýTốc độ CPU: 2.4GHz, 2GHzLoại CPU: 8 nhânHiển Thị: Kích cỡ (Màn hình chính): 10.9"""" (277.0mm)Độ phân giải (Màn hình chính): 2304 x 1440 (WUXGA+)Công nghệ màn..."
274840015,Máy tính bảng Samsung Galaxy Tab S9 FE 8GB/256GB - Hàng chính hãng,https://tiki.vn/product-p274840015.html?spid=274840039,10985000,1005000,8,0.0,0,18802,Samsung," ""THỐNG SỐ KỸ THUẬTBộ vi xử lýTốc độ CPU: 2.4GHz, 2GHzLoại CPU: 8 nhânHiển Thị: Kích cỡ (Màn hình chính): 10.9"""" (277.0mm)Độ phân giải (Màn hình chính): 2304 x 1440 (WUXGA+)Công nghệ mà..."
274625942,Máy tính bảng Samsung Galaxy Tab S9 12GB_256GB - Hàng chính hãng,https://tiki.vn/product-p274625942.html?spid=274626139,24990000,0,0,0.0,0,18802,Samsung," Máy Tính Bảng Samsung Galaxy Tab S8 5G sở hữu thiết kế mới đột phá có độ mỏng vô cùng ấn tượng, cấu hình mạnh mẽ, dung lượng pin khủng cùng với những tính năng tân tiến nhất hiện nay. Đây ..."
274625981,Máy tính bảng Samsung Galaxy Tab S9 8GB_128GB - Hàng chính hãng,https://tiki.vn/product-p274625981.html?spid=274626095,22990000,0,0,0.0,0,18802,Samsung," Máy Tính Bảng Samsung Galaxy Tab S9 5G sở hữu thiết kế mới đột phá có độ mỏng vô cùng ấn tượng, cấu hình mạnh mẽ, dung lượng pin khủng cùng với những tính năng tân tiến nhất hiện nay. Đây ..."
273559306,Máy tính bảng Kindle Fire Max 11 inch - 13th - 2023 - Ram 4Gb - Hàng chính hãng,https://tiki.vn/product-p273559306.html?spid=273559316,5150000,440000,8,0.0,0,147856,Kindle,"Kindle Fire Max 11 – Tinh hoa hội tụKindle Fire Max 11 – Một thế hệ máy tính mới của Amazon vừa ra mắt vào tháng 6 năm 2023. Với màn hình lớn nhất và cấu hình mạnh nhất từ ​​trước đến nay, đây là một..."
273653444,Máy tính bảng Kindle Fire Hd 10 2023 13th - Hàng nhập khẩu,https://tiki.vn/product-p273653444.html?spid=273653451,3790000,0,0,0.0,0,147856,Kindle,Máy tính bảng Kindle Fire 13th – Cho Từng Trải Nghiệm Hoàn HảoMáy tính bảng Kindle Fire HD 13th là bản nâng cấp nhẹ của phiên bản năm Kindle Fire 2021 (thế hệ 11) với khá nhiều điểm nổi trội.Thiết k...
273559020,Máy tính bảng Kindle Fire HD10 2023 13th - 32Gb - Hàng chính hãng,https://tiki.vn/product-p273559020.html?spid=273559022,3230000,360000,10,0.0,0,147856,Kindle,Máy tính bảng Kindle Fire 13th – Cho Từng Trải Nghiệm Hoàn HảoMáy tính bảng Kindle Fire HD 13th là bản nâng cấp nhẹ của phiên bản năm Kindle Fire 2021 (thế hệ 11) với khá nhiều điểm nổi trội.Thiết k...
158742790,Máy tính bảng Samsung Galaxy Tab A8 (4GB/64GB) - Hàng Chính Hãng,https://tiki.vn/product-p158742790.html?spid=196284923,5856000,0,0,0.0,0,18802,Samsung," Mở ra thế giới giải trí rộng lớn hơnSở hữu màn hình siêu lớn 10.5"" với thiết kế đường viền mỏng chỉ 10.2mm và tỉ lệ 16:10 chuẩn chỉnh cho bạn đắm chìm trọn vẹn vào thế giới điện ảnh ấn tượn..."
160556149,Máy tính bảng Samsung Galaxy Tab A8 - Hàng chính hãng,https://tiki.vn/product-p160556149.html?spid=196285500,5856000,0,0,1.0,1,18802,Samsung,"Màn hình: TFT 10.5"", Full HD+Hệ điều hành: Android 11Camrea sau: 8 MPCamera trước: 5MPChipset: Unisoc Tiger T618RAM: 4GBBộ nhớ trong: 64GBCổng kết nối/sạc: USB Type-CDung lượng pin: 7.040 mAh ..."
105830021,Máy Tính Bảng Samsung Galaxy Tab A7 Lite LTE T225 (3GB/32GB) ĐÃ KÍCH HOẠT BẢO HÀNH ĐIỆN TỬ - Hàng Chính Hãng,https://tiki.vn/product-p105830021.html?spid=216714830,3587000,0,0,0.0,0,18802,Samsung,"Giải trí bất tận mọi lúc, mọi nơiMáy Tính Bảng Samsung Galaxy Tab A7 Lite LTE T225 (3GB/32GB) ĐÃ KÍCH HOẠT BẢO HÀNH ĐIỆN TỬ - Hàng Chính Hãng - Đắm chìm trong thế giới giải trí ở bất cứ nơi đâu với m..."
176909016,Máy tính bảng HANET Smart Edu Tablet Model T432 - Hàng Chính Hãng,https://tiki.vn/product-p176909016.html?spid=176909017,3300000,0,0,0.0,0,281391,HANET,"THÔNG SỐ KỸ THUẬT:Hệ điều hành: Android 11Chip xử lý (CPU): Quad Core 2.0GhzRAM: 4GB DDRROM: 32GSIM 4G-LTE, Wi-FiKích thước màn hình: 10.1”Dung lượng Pin: 5.000 mAhCamera: 5+2MPBẢO HÀNH: Máy tính bản..."
273559306,Máy tính bảng Kindle Fire Max 11 inch - 13th - 2023 - Ram 4Gb - Hàng chính hãng,https://tiki.vn/product-p273559306.html?spid=273559316,5150000,440000,8,0.0,0,147856,Kindle,"Kindle Fire Max 11 – Tinh hoa hội tụKindle Fire Max 11 – Một thế hệ máy tính mới của Amazon vừa ra mắt vào tháng 6 năm 2023. Với màn hình lớn nhất và cấu hình mạnh nhất từ ​​trước đến nay, đây là một..."
273559020,Máy tính bảng Kindle Fire HD10 2023 13th - 32Gb - Hàng chính hãng,https://tiki.vn/product-p273559020.html?spid=273559022,3230000,360000,10,0.0,0,147856,Kindle,Máy tính bảng Kindle Fire 13th – Cho Từng Trải Nghiệm Hoàn HảoMáy tính bảng Kindle Fire HD 13th là bản nâng cấp nhẹ của phiên bản năm Kindle Fire 2021 (thế hệ 11) với khá nhiều điểm nổi trội.Thiết k...
121059239,Máy Tính Bảng Samsung Galaxy Tab A7 Lite T225 3GB/32GB - Hàng Chính Hãng,https://tiki.vn/product-p121059239.html?spid=121059243,3139000,1851000,37,5.0,95,18802,Samsung,"Máy Tính Bảng Samsung Galaxy Tab A7 Lite T225 3GB/32GB - Hàng Chính HãngBộ sản phẩm bao gồm: Thân máy, sạc, cáp dữ liệu, tài liệu hướng dẫn sử dụng, dụng cụ lấy sim và lấy thẻ nhớ. Thiết kế siêu mỏ..."
72310420,Máy tính bảng VANKYO MatrixPad S30 - Hàng Chính Hãng,https://tiki.vn/product-p72310420.html?spid=72310421,3090000,0,0,3.8,4,3979027,Vankyo,"Máy tính bảng Vankyo MatrixPad S30 Hiệu suất hoạt động mạnh mẽBộ vi xử lý 8 nhân có tần số lên đến 1,6 GHz và RAM 3 GB mang lại hiệu năng mạnh mẽ hơn, cho phép bạn chuyển đổi liên tục gi..."
160434731,Máy Tính Bảng Samsung Galaxy Tab A8 4GB/64GB - Hàng Chính Hãng,https://tiki.vn/product-p160434731.html?spid=196285251,5856000,0,0,0.0,0,18802,Samsung,"Máy Tính Bảng Samsung Galaxy Tab A8 4GB/64GB - Hàng Chính HãngBộ sản phẩm bao gồm: Thân máy, sạc, cáp dữ liệu, tài liệu hướng dẫn sử dụng, dụng cụ lấy sim và lấy thẻ nhớ. Màn hình lớn hiển thị nhiề..."
271799133,"Máy tính bảng chắc chắn oukitel RT5 (chống nước,chống va đập,pin 11.000mAh,Màn hình 10.1 inch FHD, Ram 14Gb,Rom 256Gb, CPU : Mediatek 8788,lõi 8, lên đến 2.0 GHz, Camera Trước,sau 16 MP, Android 13)- hàng chính hãng",https://tiki.vn/product-p271799133.html?spid=271799134,7490000,0,0,0.0,0,112735,Oukitel,"Màn hình 10.1 Inch FHDCPU : Mediatek 8788,lõi 8, lên đến 2.0 GHzHệ điều hành Android 13Pin 11.000mAhChống nước,chống va đập tiêu chuẩn IP 68/IP69KCamera Trước,sau 16 MPRam 14Gb,Rom 256Gb,hổ trợ..."
274839897,Máy tính bảng Samsung Galaxy Tab S9 FE 5G 6GB/128GB - Hàng chính hãng,https://tiki.vn/product-p274839897.html?spid=274839917,11985000,5000,0,0.0,0,18802,Samsung," ""THỐNG SỐ KỸ THUẬTBộ vi xử lýTốc độ CPU: 2.4GHz, 2GHzLoại CPU: 8 nhânHiển Thị: Kích cỡ (Màn hình chính): 10.9"""" (277.0mm)Độ phân giải (Màn hình chính): 2304 x 1440 (WUXGA+)Công nghệ mà..."
274186881,Máy tính bảng Samsung Galaxy Tab A9+ Wifi (4GB/64GB) - Hàng chính hãng,https://tiki.vn/product-p274186881.html?spid=274186887,4099000,1891000,32,0.0,0,18802,Samsung,"Màn hình: TFT LCD 11"", (1200 x 1920 pixels)Hệ điều hành: Android 13Camera sau: 8MPCamera trước: 5MPChip xử lý: Snapdragon 695 8 nhânRAM: 4GBBộ nhớ trong: 64 GBCổng kết nối/sạc:..."
258787119,"Máy tính bảng OUKITEL RT2 chắc chắn (chống nước,chống va đập ,pin xài lâu,Pin  20.000Mah, Màn hình  10,1 inch,Ram 8GB,Rom  128 GB, lõi tám nhân,Máy ảnh 16MP,Android 12,sạc nhanh 33W)- hàng chính hãng",https://tiki.vn/product-p258787119.html?spid=258787121,8990000,0,0,0.0,0,112735,Oukitel,"HÀNG CHÍNH HÃNG,FULL BOX,NGUYÊN SEAL,BẢO HÀNH 1 NĂMMáy Tính Bảng Chắc Chắn mạnh Nhất thế giới Màn Hình FHD + , 10.1 in ,Pin 20000mAh , tiêu chuẩn IP68 & IP69K & MIL-STD-810H/Mediatek MT8788..."
225936344,Máy tính bảng Samsung Galaxy Tab A8 (4GB/64GB) - Hàng Chính Hãng,https://tiki.vn/product-p225936344.html?spid=249347514,5856000,0,0,0.0,0,18802,Samsung,"Bộ sản phẩm gồm: Sách hướng dẫn, Cây lấy sim, Hộp máy, Cáp Type C - Type A, Củ sạc rời đầu Type A Nghe nhìn mãn nhãn với màn hình lớn và âm thanh chân thật Máy tính bảng Samsung Galaxy Tab A8 (202..."
274904904,Máy tính bảng Samsung Galaxy Tab A9 Wifi / LTE (4GB/64GB) - Hàng chính hãng,https://tiki.vn/product-p274904904.html?spid=274904911,3899000,1591000,29,0.0,0,18802,Samsung,"Màn hình: TFT LCD 8.7"", (800 x 1340 pixels)Hệ điều hành: Android 13Camera sau: 8MPCamera trước: 2MPChipset: MediaTek Helio G99 8 nhânRAM: 4GBBộ nhớ trong: 64 GBCổng kết nối/sạc..."
271801317,"Máy tính bảng siêu bền Oukitel RT6 (chống nước,chống va đập,pin 20000mAh,Ram 16Gb(8GB+8Gb),Rom 256GB,Màn hình 10.1"" ,FHD,Android 13,CPU MTK8788 ,Camera 16MP,sạc nhanh 33W)-hàng chính hãng",https://tiki.vn/product-p271801317.html?spid=271801318,9990000,0,0,0.0,0,112735,Oukitel,"Màn hình : 10,1 inch ,Độ phân giải 1200x1920 ,Mật độ điểm ảnh  224PPIHệ điều hành Android 13.0Ram 16Gb(8GB+8Gb),256GB,Hỗ trợ thẻ SD Lên đến TTBCamera Trước 16 MP ,Camera Sau 16 MPCPU MT8788, lõi..."
273407277,"Máy tính bảng chắc chắn Oukitel RT7 5G(Chống va đập,Màn hình 10.1"" FHD+,Pin 32000mAh ,Ram 24GB,Rom 256GB, Android 13,Camera sau 48MP, tầm nhìn ban đêm 20MP,camera trước 32MP,5G) – hàng chính hãng",https://tiki.vn/product-p273407277.html?spid=273407278,11990000,0,0,0.0,0,112735,Oukitel,"Máy tính bảng bền chắc Oukitel RT7CPU Dimensity 720Pin 32000mAhRAM 24Gb(12gb+12Gb),ROM 256GBHệ điều hành Android 13Màn hình IPS 10,1"" FHD + 1200*1920Camera sau Sony 48MP + Tầm nhìn ban đêm 20MP..."
206218031,Máy tính bảng viết tay Xiaomi Wicue màn hình LCD màu cầu vồng không đèn nền 12inch,https://tiki.vn/product-p206218031.html?spid=206218032,768000,0,0,0.0,0,25422,Xiaomi,  Thời gian giao hàng dự kiến cho sản phẩm này là từ 7-9 ngày   Máy tính bảng viết tay Xiaomi Wicue màn hình LCD màu cầu vồng 12inch không đèn nền từ Mijia Youpin   ► ► Trước khi đặt hàng xin lưu ý...
213858174,"Máy tính bảng Samsung Galaxy Tab A7 Lite (3GB/32GB) - Hàng chính hãng - Màn hình 8.7inch TFT LCD, Camera sau 8MP - Bảo Hành 12 Tháng",https://tiki.vn/product-p213858174.html?spid=216732432,3587000,0,0,0.0,0,18802,Samsung,"Máy tính bảng Samsung Galaxy Tab A7 Lite (3GB/32GB) - Hàng chính hãng - Màn hình 8.7inch TFT LCD, Camera sau 8MP️MÔ TẢ SẢN PHẨM️Sử dụng suốt cả ngày️Dễ dàng cầm nắm trên tay️Với hệ thống loa kép ..."
217158529,Máy tính bảng Samsung Galaxy Tab A7 Lite - Hàng chính hãng,https://tiki.vn/product-p217158529.html?spid=196284556,3587000,0,0,0.0,0,18802,Samsung,"Máy tính bảng Samsung Galaxy Tab A7 Lite là phiên bản rút gọn của dòng tablet ""ăn khách"" Galaxy Tab A7 thuộc thương hiệu Samsung, đáp ứng nhu cầu giải trí của khách hàng thuộc phân khúc bình d..."
263438199,Máy tính bảng Edutab 10.1 Pro & Case da tặng Hệ thống quản lý học tập & kiểm soát dành cho Phụ huynh trọn đời,https://tiki.vn/product-p263438199.html?spid=263438200,4989000,0,0,0.0,0,112638,Masstel,Máy tính bảng Edutab 10.1 Pro & Case da tặng Hệ thống quản lý học tập & kiểm soát dành cho Phụ huynh trọn đời Thông tin sản phẩmTên sản phẩm : Masstel Tab 10.1ProBrand :MasstelModel:Tab 1...
217158870,Máy tính bảng Samsung Galaxy Tab A8 (4GB/64GB) - Hàng Chính Hãng,https://tiki.vn/product-p217158870.html?spid=207923838,5856000,0,0,0.0,0,18802,Samsung,"Nghe nhìn mãn nhãn với màn hình lớn và âm thanh chân thật Máy tính bảng Samsung Galaxy Tab A8 (2022) có kích thước màn hình 10.5 inch, tỉ lệ 16:10 cho không gian hiển thị rộng hơn, rất lý tưởng cho n..."
188948039,Máy tính bảng Samsung Galaxy Tab A8 64GB Xám (2022) - Hàng Chính Hãng,https://tiki.vn/product-p188948039.html?spid=196285860,5856000,0,0,0.0,0,18802,Samsung,"Trải nghiệm hình ảnh mãn nhãn trên màn hình 10.5 inch 1200 x 1920 PixelsHệ thống 4 loa hỗ trợ công nghệ Dolby Atmos mang đến âm thanh vòm sống độngHiệu năng mạnh mẽ giúp xử lý các tác vụ văn phòng, ..."
136364272,"Máy tính bảng Masstel Tab 10.4"" (4GB/64GB) - Hàng chính hãng - ĐÃ KÍCH HOẠT BẢO HÀNH ĐIỆN TỬ",https://tiki.vn/product-p136364272.html?spid=261810384,4800000,0,0,0.0,0,112638,Masstel,"Thiết kế hiện đại với kiểu dáng sang trọngMasstel Tab 10.4"" sở hữu thiết kế phẳng, tối giản dù có mức giá rẻ nhưng được chế tác từ kim loại một cách cứng cáp, sang trọng và tinh tế với độ bền cao.Mặ..."
175851126,Máy Tính Bảng Galaxy Tab A8 4GB | 64GB - Hàng Chính Hãng,https://tiki.vn/product-p175851126.html?spid=196285902,5856000,0,0,0.0,0,18802,Samsung,"Màn hìnhCông nghệ màn hình:: TFT LCDĐộ phân giải: 1200 x 1920 PixelsMàn hình rộng: 10.5"" - Tần số quét Hãng không công bốHệ điều hành & CPUHệ điều hành: Android 11C..."
249782771,Máy tính bảng Xelex Gama Tab X8 EDU (Hàng chính hãng),https://tiki.vn/product-p249782771.html?spid=249782772,2890000,0,0,0.0,0,8173499,XELEX,"Xelex Gama Tab X8 EDU là một thiết bị “tất cả trong một”, hoạt động với năng suất cao và là một công cụ giải trí đa phương tiện mạnh mẽ. Ngoài ra, Xelex Gama Tab X8 còn là người bạn đồng hành tốt nhất..."
217561341,Máy tính bảng Xiaomi Pad 5 (6GB/256GB) - Hàng chính hãng,https://tiki.vn/product-p217561341.html?spid=217561345,8739000,1751000,17,0.0,0,25422,Xiaomi,"Màn hình: IPS LCD 11"", 1600 x 2560 PixelsHệ điều hành: Android 11Camera chính: 13MPCamera trước: 8MPChipset: Snapdragon 860 8 nhânRAM: 6GBBộ nhớ trong: 256GBCổng sạc: Type-CDung lượng pin: 872..."
205897182,Máy tính bảng Xiaomi Redmi Pad (3GB/64GB) - Hàng chính hãng,https://tiki.vn/product-p205897182.html?spid=205897184,4539000,1751000,28,0.0,0,25422,Xiaomi,"Màn hình: IPS LCD 10.61"", (1200 x 2000 Pixels)Hệ điều hành: Android 12Camera chính: 8 MPCamera trước: 8 MPChipset: MediaTek Helio G99 8 nhânRAM: 3 GBBộ nhớ trong: 64 GBCổng sạc: ..."
271822725,Máy Tính Bảng Samsung Galaxy Tab A8 2022 (3GB/32GB) - Hàng Chính Hãng,https://tiki.vn/product-p271822725.html?spid=271822727,5856000,0,0,0.0,0,18802,Samsung,"Màn hìnhCông nghệ màn hình: TFT LCDĐộ phân giải: 1200 x 1920 PixelsMàn hình rộng: 10.5"" - Tần số quét Hãng không công bốHệ điều hành & CPUHệ điều hành: Android 11Chip xử lý (CPU): UniSOC T6..."
275044287,"Máy tính bảng siêu bền Ulefone Armor Pad 3 Pro (Pin 33280 mAh,chống nước,chống va đập,RAM 16GB (8+8), ROM 256GB ,camera 50MP,Màn hình 10.36 Inch)-hàng chính hãng",https://tiki.vn/product-p275044287.html?spid=275044288,9990000,0,0,0.0,0,169013,Ulefone,"Màn hình LCD 10,36 inch Độ phân giải: 1200 x 2000 FHD+Hệ điều hành Android 13CPU: MediaTek MT8788RAM 8GB,Rom 256GB, microSD Class 10 Lên đến 2TBPin lithium-ion polymer tích hợp 33280mAhHỗ trợ sạ..."
273231495,Máy tính bảng Masstel tab 10.1 pro - Hàng chính hãng,https://tiki.vn/product-p273231495.html?spid=273231496,4290000,0,0,0.0,0,112638,Masstel,"MÀN HÌNHKích thước 10.1″ IPS – Công nghệ IPS cho góc nhìn rộng hơn, người sử dụng có trải nghiệm tốt hơn khi sử dụng. Độ phân giải 1280*800 điểm ảnh (Chuẩn HD với 16.7 triệu màu) cho hiển thị sắc nét..."
274361820,"Máy Tính Bảng Học Tập Smart Study 1, Hàng Chính Hãng, Cho Trẻ Từ 5-12 Tuổi, 64GB, Tích Hợp Chương Trình Học Tập Toàn Diện",https://tiki.vn/product-p274361820.html?spid=274361821,7900000,0,0,0.0,0,5402475,Nexta,Giai đoạn tiền tiểu học và tiểu học của con là thời điểm bé học thụ động và rất cần ba mẹ hỗ trợ đồng hành cùng. Hiểu được nỗi lo của các bậc phụ huynh có con ở độ tuổi này và không có thời gian dạy c...
195177036,Máy tính bảng Samsung Galaxy Tab A7 Lite LTE SM-T225 - Hàng Chính Hãng ,https://tiki.vn/product-p195177036.html?spid=196284570,3587000,0,0,0.0,0,18802,Samsung,"Máy tính bảng Samsung Galaxy Tab A7 Lite là phiên bản rút gọn của dòng tablet ""ăn khách"" Galaxy Tab A7 thuộc thương hiệu Samsung, đáp ứng nhu cầu giải trí của khách hàng thuộc phân khúc bình dân với m..."
186149961,Máy tính bảng Samsung Galaxy Tab A7 Lite 32GB Xám - Hàng Chính Hãng,https://tiki.vn/product-p186149961.html?spid=196284470,3587000,0,0,0.0,0,18802,Samsung,"Màn hình 8.7 inch WXGA+ (1340x800) hiển thị hình ảnh rõ nét, chân thựcVPU Mediatek MT8768T cho hiệu năng ổn định, xử lý tác vụ nhanh chóngDung lượng pin 5100 mAh, sạc nhanh 15W, thoải mái trải nghiệ..."
274364026,"Máy tính bảng học tập thông minh Nexta Edutab Pro tối ưu cho trẻ 9-12 tuổi, 64GB, tích hợp ứng dụng học tập - Hàng nhập khẩu",https://tiki.vn/product-p274364026.html?spid=274379797,6490000,0,0,0.0,0,5402475,Nexta,"Máy tính bảng Nexta Edutab Pro giải pháp giáo dục thông minh, đồng bộ mang đến không gian học tập thú vị, an toàn dành cho trẻ từ 9-12 tuổi giúp trẻ tự tin, cá nhân hóa lộ trình học tập, khai phóng ti..."
274560616,"Máy tính bảng học tập giá rẻ Nexta Edutab Kid cho bé từ 5-8 tuổi, màn hình full HD 64GB, bao da, kính dán cường lực, hàng chính hãng",https://tiki.vn/product-p274560616.html?spid=274560618,4990000,0,0,0.0,0,5402475,Nexta,"Máy tính bảng Nexta Edutab Kid giải pháp giáo dục thông minh, đồng bộ mang đến không gian học tập thú vị, an toàn dành cho trẻ từ 5-8 tuổi giúp trẻ tự tin, cá nhân hóa lộ trình học tập, khai phóng tiề..."
188030974,"Máy tính bảng Oukitel RT1 - hàng chính hãng  (chống nước,chống va đập , pin khủng,pin 10.000mAh,màn hình 10,1 inch,Ram 4Gb,Rom 64Gb,tám nhân,học online)",https://tiki.vn/product-p188030974.html?spid=188030975,6990000,0,0,0.0,0,112735,Oukitel,"bạn phải đậy thật kỹ nút sạc ,khe sim khi sử để đi mưa,rớt nướước không vô máy được, tuyệt đối không ngâm vào thùng đá vì hơi nước sẻ hình thành bên trong máMáy tính bảng chắc chắn ,chống sốc ,chống ..."
273659145,"Máy tính bảng Tab10 Kidzone dành cho bé - quản lý thời gian cho bé - bé học tốt, hiệu quả cao - 1 đổi 1 trong 100 ngày - Hàng chính hãng",https://tiki.vn/product-p273659145.html?spid=273659166,2990000,1000000,25,0.0,0,112638,Masstel,"Máy tính bảng Masstel Kidzone dành cho bé - quản lý thời gian cho bé - bé học tốt, hiệu quả cao - 1 đổi 1 trong 100 ngày Thiết kế màn hình IPS LCD cho góc nhìn rộngTab 10 KidZone sở hữu màn hình I..."
271284934,Máy tính bảng Edutab 10.4 & Case da tặng Quà hot Hệ thống quản lý học tập & kiểm soát dành cho Phụ huynh trọn đời - Hàng Chính Hãng,https://tiki.vn/product-p271284934.html?spid=271284941,5769000,0,0,0.0,0,112638,Masstel,Máy tính bảng Edutab 10.4 & Case da tặng Quà hot Hệ thống quản lý học tập & kiểm soát dành cho Phụ huynh trọn đời - Hàng Chính Hãng Bộ sản phẩm gồm:1. Máy tính bảng Masstel 10.4 & Case ...
262908601,"Máy tính bảng chắc chắn oukitel RT3 (chống nước,chống va đập,Ram 4Gb,Rom 64 Gb,màn hình 8 inch,pin 5150 mAh)- hÀng chính hãng",https://tiki.vn/product-p262908601.html?spid=262908602,4990000,0,0,0.0,0,112735,Oukitel,"Chống nước,chống va đậpMàn hình 8“HD+,1200*800CPU--MTK Helio P22, HĐH-Android 12Android 12Pin 5150mAhRAM  4GB , ROM 64GB,Sử dụng 2 sim hoặc 1 sim,1thẻ nhớBluetooth 5.0, Bluetooth HID, GPS+Glona..."
271822675,Máy Tính Bảng Samsung Galaxy Tab A8 - Hàng Chính Hãng,https://tiki.vn/product-p271822675.html?spid=271822682,5856000,0,0,0.0,0,18802,Samsung,"Màn hìnhCông nghệ màn hình: TFT LCDĐộ phân giải: 1200 x 1920 PixelsMàn hình rộng: 10.5"" - Tần số quét Hãng không công bốHệ điều hành & CPUHệ điều hành: Android 11Chip xử lý (CPU): UniSOC T6..."
274958815,Samsung Galaxy Tab A9 (LTE) 8GB/128GB - Hàng chính hãng,https://tiki.vn/product-p274958815.html?spid=274959625,6490000,0,0,0.0,0,18802,Samsung," THÔNG SỐ KỸ THUẬTBộ vi xử lýTốc độ CPU: 2.2GHz, 2GHzLoại CPU: 8 nhânHiển ThịKích cỡ (Màn hình chính)8.7"""" (220.5mm)Độ phân giải (Màn hình chính)1340 x 800 (WXGA+)Công nghệ màn hình (màn hì..."
274958868,Samsung Galaxy Tab S9 Wifi 12GB/256GB - Hàng chính hãng,https://tiki.vn/product-p274958868.html?spid=274959639,21990000,0,0,0.0,0,18802,Samsung,"  ""THÔNG SỐ KỸ THUẬTMàn hình: 11inchTrọng lượng: 498gĐộ dày: 5,9mmRAM: 12GBROM: 256GBPin: 8.400 mAhBộ vi xử lý: Snapdragon 8 Gen 2Camera [Mặt sau]: 13 MPCamera [Mặt trước]: 12 M..."
181699208,Máy tỉnh bảng Samsung Galaxy Tab A8 -Hàng chính hãng,https://tiki.vn/product-p181699208.html?spid=196284763,5856000,0,0,0.0,0,18802,Samsung,- Hệ thống Siêu thị Viettel Store cam kết cung cấp các sản phẩm chính hãng tới người tiêu dùng (TẤT CẢ SẢN PHẨM ĐỀU NGUYÊN SEAL)- Hỗ trợ xuất hóa đơn VAT (Quý khách hàng vui lòng để lại thông tin để ...
271329051,"Máy tính bảng Kindle Fire MAX 11, màn hình 11 inch, RAM 4GB, CPU Octa-core 2.2Ghz, bộ nhớ 64/128GB - Hàng chính hãng",https://tiki.vn/product-p271329051.html?spid=271329053,5300000,200000,4,5.0,2,147856,Kindle, ...
217505504,"Máy tính bảng Kindle Fire HD8 PLUS 2022 (Fire HD 8 12th) - Màn hình 8inch HD, RAM 3GB, CPU Hexa-core 2.0 GHz, CÀI ĐƯỢC CH PLAY- Hàng nhập khẩu",https://tiki.vn/product-p217505504.html?spid=217505506,2790000,0,0,5.0,1,147856,Kindle,...
